{"twoStepTaskRewards":[{"counter":1,"k2":0.2,"k3":0.8,"k4":0.6,"k5":0.4},{"counter":2,"k2":0.20113,"k3":0.80548,"k4":0.61051,"k5":0.39539}]}
